index;L;B_1;B_5;L_uncorr;L_a;L_b;L_c;B_1_a;B_1_b;B_1_c;B_5_a;B_5_b;B_5_c
SM1;7.913104906639836;2.139083964047969;6.565484747932408;7.513104906639835;7.513104906639835;-6.966701899848922e-16;5.892396661612683e-16;0.0;-1.0544140809973959;-1.8611531777480297;0.0;6.211314046626979;-2.127244177217898
SM2;6.062510597814037;1.7003162710457715;4.842974474875879;5.662510597814037;5.662510597814037;-8.745558710693374e-16;3.1543678122440808e-19;0.0;-0.21390127053452168;-1.686808130181591;0.0;-4.804233159006931;0.6113472975302779
SM3;7.843904873810662;1.7106446594133287;7.854391188618247;7.443904873810662;7.443904873810662;-3.863350524989367e-17;4.531550337704384e-16;0.0;1.7106029490405417;-0.011945773861283333;0.0;-1.4081412122918373;-7.727133962219708
SM7;5.4050307211073845;1.80146800269593;6.648794908212953;5.005030721107384;5.005030721107384;6.966954476722392e-16;3.0780430529446123e-17;0.0;-0.18601080852585017;1.7918389837953697;0.0;6.648146450143747;-0.09285746561044732
SM8;6.18493532170939;1.7012483447813322;5.3999225935812065;5.78493532170939;5.78493532170939;1.0296703047814029e-15;6.362275194051594e-16;0.0;-0.46691287314800234;1.635921238785627;0.0;-5.191920872068382;-1.4842916407665574
